emp_id,first_name,last_name,gender,email,password,department,education
1,Douglas,Reynholm,Male,douglas.reynholm@zipdrive-scooters.com,312ae26a8866c62c769c427e15e5a915,Exec,"Universidad de Puerto Rico, Rio Pedras"
2,Jen,Barber,Female,jen.barber@zipdrive-scooters.com,edf8f2ecd7c1fea769ccae95d4df23c2,Product Management,Bloomfield College of KK
3,Janaye,Twell,Female,twell.janaye@zipdrive-scooters.com,82c27c582ea51783d7945bf16d9ff89c,Training,Universidad de Vigo
4,Gerda,Hammerson,Female,hammerson.gerda@zipdrive-scooters.com,d3ae04e2365fdb8feb955dd8d8f4dcae,Product Management,Fujian Medical University
5,Antonin,Turford,Male,turford.antonin@zipdrive-scooters.com,1d3d9c55cb672bcf259f2383f89fc4af,Marketing,Universiti Tunku Abdul Rahman
6,Jenna,Eagle,Female,jenna.eagle@zipdrive-scooters.com,cfafa36a87c002dd0f2780c1e26062de,Research and Development,Whitman College
7,Cammy,Iwaszkiewicz,Female,iwaszkiewicz.cammy@zipdrive-scooters.com,2862f70117b93cc56ed3672a9070c25a,Marketing,Afghan University
8,Berti,Yurmanovev,Female,yurmanovev.berti@zipdrive-scooters.com,9cab875bf8c829e0fdeccd13be4d79fe,Accounting,Erasmushogeschool Brussel
9,Talbert,Hallor,Male,hallor.talbert@zipdrive-scooters.com,f13417d4c137bc593422c46cdf422c0d,Engineering,Govind Ballabh Pant University of Agriculture and Technology
10,Jon,LeBaugh,Male,jon.l@zipdrive-scooters.com,d5749b5485603fb2a4fc4616d8a2acd5,Human Resources,Kazan State University of Technology
11,Adriena,Gilardengo,Female,gilardengo.adriena@zipdrive-scooters.com,a9c0500ecb8a7f252cfb2d7fb0a916bc,Research and Development,Chicago State University
12,Esra,Raccio,Male,raccio.esra@zipdrive-scooters.com,5ce8ab5fe8b8933ffa11ff77b7af4e81,Business Development,Technological University (Hmawbi)
13,Jeff,Wiedemann,Male,jeff.w@zipdrive-scooters.com,7b353fe12af6bc6904b1588a3a64de66,Support,Gansu Agricultural University
14,Corby,Irving,Male,irving.corby@zipdrive-scooters.com,8be813c0c222756d6852465ba64f2042,Legal,Haynal Imre University of Health Sciences Budapest
15,Yorker,Peppard,Male,peppard.yorker@zipdrive-scooters.com,906fce2e8ffbd1df5932011665e680da,Accounting,Qazvin University of Medical Sciences
16,Tracee,Colgrave,Female,colgrave.tracee@zipdrive-scooters.com,c28a9a8511ece419d7aa99aa87dd9bb4,Services,Universidade Gregorio Semedo
17,Nicolas,Millson,Male,millson.nicolas@zipdrive-scooters.com,071b5f2e3e666e8c8f054abbed3bfc41,Accounting,"Universidad Tecnologica ""Vicente Perez Rosales"""
18,Daisi,Hoxey,Female,hoxey.daisi@zipdrive-scooters.com,7b9b2b5b221dff1e40e835092a50d80a,Human Resources,ECAM - Institut Supérieur Industriel
19,Gaven,Ricciardo,Male,ricciardo.gaven@zipdrive-scooters.com,94e3944266dc6ef1c26e1ba06f1a8d0b,Engineering,Universidad Privada de Tacna
20,Sherm,Hurford,Male,hurford.sherm@zipdrive-scooters.com,1e021ae0fa5cd221065e4b504516cebc,Product Management,Pratt Institute
21,Gerrilee,Twycross,Female,twycross.gerrilee@zipdrive-scooters.com,f55a170b1fcd64ac681dc0d54e64d0da,Sales,Collegium Civitas
22,Roy,Trenneman,Male,roy.sre@zipdrive-scooters.com,b04b1aa6ea4d22594585d92ae3ccfc1c,Infrastructure,Saint Peter's University
23,Berk,Whetson,Male,whetson.berk@zipdrive-scooters.com,80e0ff0850bbed8ded115fb0ac6e903b,Product Management,Pädagogische Hochschule Zürich (Zurich School of Education)
24,Trenton,Witherspoon,Male,witherspoon.trenton@zipdrive-scooters.com,321b86affb6d2578ab2026102392db45,Sales,Musashi University
25,David,Lee,Male,david.lee@zipdrive-scooters.com,4e81a9693305680262e2242ad412dfc1,Training,Southeastern University
26,Felizio,Rawlinson,Male,rawlinson.felizio@zipdrive-scooters.com,32dabf18a3d677e153f9b26e5564b57c,Legal,Azusa Pacific University
27,Olin,Cresswell,Male,cresswell.olin@zipdrive-scooters.com,84b4044f075a0489e87f7ea2c6088367,Services,University of Bihac
28,Meris,Pandie,Female,pandie.meris@zipdrive-scooters.com,82c99bcd356e2ebaf6c53dff0bc45aa6,Business Development,International University in Geneva
29,Gilberto,Surmeir,Male,surmeir.gilberto@zipdrive-scooters.com,6f0238d8dc27fc81768e70d8df7ac377,Accounting,University of Missouri - Saint Louis
30,Wally,Brodest,Female,brodest.wally@zipdrive-scooters.com,7d942e2022ed7f69ef46a786af28d9c7,Research and Development,East Kazakstan State Technical University
31,Leupold,Eakeley,Male,eakeley.leupold@zipdrive-scooters.com,e23032ec0f7c8fceff5561eb495d5f28,Marketing,"Islamic Azad University, Mehriz"
32,Enrichetta,Claiden,Female,claiden.enrichetta@zipdrive-scooters.com,fbedc657bb3828724f7a0208f6d4fd96,Services,Riga Teacher Training and Educational Management Academy
33,Jammie,Bogace,Female,bogace.jammie@zipdrive-scooters.com,835ba7e9af553f9acbbc6d328046cfa5,Services,University of Connecticut at Avery Point
34,Maurie,McTrusty,Male,mctrusty.maurie@zipdrive-scooters.com,66ad69057b0a8d822cfa9de69c477b26,Legal,Excelsior College
35,Kalle,Strelitzer,Male,strelitzer.kalle@zipdrive-scooters.com,cca2ec87a9f3a4d4575158d64a42b6ac,Sales,Cyprus College
36,Adolpho,MacCague,Male,maccague.adolpho@zipdrive-scooters.com,beaa9a189bee2a7f9440b03d07fe0697,Product Management,Université Omar Bongo
37,Burnaby,Fenech,Male,fenech.burnaby@zipdrive-scooters.com,36a8db3a287d38e0a9be67b3257048c6,Research and Development,Universidad Católica Madre y Maestra
38,Ankit,Bhagat,Male,ankit.bhagat@zipdrive-scooters.com,0e89d92973e30aad510f7b40f2e55e5c,Developer,NYU
39,Sigmund,McLanaghan,Male,mclanaghan.sigmund@zipdrive-scooters.com,b9b773dea585f3aba41e4523606fa398,Business Development,"University of California, Los Angeles"
40,Alexandr,Weatherall,Male,weatherall.alexandr@zipdrive-scooters.com,da0f4895703b24908abd7051faf15f9f,Support,Trent University
41,Zack,Wartonby,Male,wartonby.zack@zipdrive-scooters.com,0b4103b508c07bbd0d0fe1ab2d69ece6,Marketing,Xiangtan University
42,Glyn,Christy,Male,christy.glyn@zipdrive-scooters.com,77de15e49b76f6ffd81d8459d01d391c,Business Development,Universidade do Sul de Santa Catarina
43,Hill,Wakenshaw,Male,wakenshaw.hill@zipdrive-scooters.com,4f99e398d5c122bdc143be6e6dfce937,Services,Fachhochschule Stralsund
44,Hobey,Overill,Male,overill.hobey@zipdrive-scooters.com,86dd5a900109ca4ec0125e65f291e865,Product Management,"Concordia College, Seward"
45,Bron,Royall,Male,royall.bron@zipdrive-scooters.com,32a5a3938ca052f90f6bab2094579134,Research and Development,Nanjing University of Aeronautics and Astronautics
46,Giralda,Paffett,Female,paffett.giralda@zipdrive-scooters.com,220dc097cb938c2561ce094a0722233a,Research and Development,Open University
47,Agnese,Camilli,Female,camilli.agnese@zipdrive-scooters.com,230e0ae289c9fb12bbfc0ab2523dcf1e,Research and Development,Hanoi University of Science & Technology
48,Horatia,Stanway,Female,stanway.horatia@zipdrive-scooters.com,ea8d61ffb427bf0cc0d2e387d804ea73,Legal,Evangelische Fachhochschule Nürnberg
49,Dyanne,Tourry,Female,tourry.dyanne@zipdrive-scooters.com,8c871b09f1284009ec8f942cac181a14,Support,Moldova State University
50,Rorke,Baylis,Male,baylis.rorke@zipdrive-scooters.com,13a65f8339110535e352dc38d3639569,Sales,University of Venice
51,Sharai,Ketchaside,Female,ketchaside.sharai@zipdrive-scooters.com,1b2dcba28aa15632f52bcde166445f9b,Training,"DeVry Institute of Technology, Decatur"
52,Enos,Bianco,Male,bianco.enos@zipdrive-scooters.com,50296f76d3cdb773a6708836188ec4d3,Sales,Tomas Bata University in Zlin
53,Laryssa,McCafferty,Female,mccafferty.laryssa@zipdrive-scooters.com,0cc34dfa50836865c63b4e5bd16fdeaa,Marketing,Mid-Continent Baptist Bible College
54,Robenia,Goudy,Female,goudy.robenia@zipdrive-scooters.com,4116267924fdcd7d9af635a062461825,Business Development,Universidad Privada Boliviana
55,Ripley,Valler,Male,valler.ripley@zipdrive-scooters.com,25818b1deb18148165ccb3c59c570142,Marketing,National Taipei College of Nursing
56,Ricky,Levine,Male,levine.ricky@zipdrive-scooters.com,4884d47cda736eb4cff494ff9a69b2fe,Training,Instituto Universitario de la Policia Federal
57,Bertram,Gilfoyle,Male,bertram.gilfoyle@zipdrive-scooters.com,5c85f65e81b57828681af6257180b105,Engineering,Milwaukee School of Engineering
58,Cinderella,Reynish,Female,reynish.cinderella@zipdrive-scooters.com,a536e28dc5a47f319e8a7b7bfbf221e0,Support,Samara State University
59,Karlens,Wallage,Male,wallage.karlens@zipdrive-scooters.com,25a5a3694ec9d9cf777e54354fa33c44,Research and Development,Universitas Sam Ratulangi
60,Jinny,Challen,Female,challen.jinny@zipdrive-scooters.com,462319ffb004d7f45746e843cc6ffc1a,Training,Virginia Wesleyan College
61,Brodie,Castledine,Male,castledine.brodie@zipdrive-scooters.com,e50cf7602a1eb6f15d992a1a4c37c7e3,Product Management,Orenburg State University
62,Prent,Clare,Male,clare.prent@zipdrive-scooters.com,f0c73299515c73cf918bf1dd88dad4de,Business Development,Universidad de La Habana
63,Ikey,Galey,Male,galey.ikey@zipdrive-scooters.com,f5f88294c3ecc3dad6817e8cdd03af47,Marketing,Sukhothai Thammathirat Open University
64,Nickolas,Fowles,Male,fowles.nickolas@zipdrive-scooters.com,9ea737e22c16f726c2a41a2d4fc86b82,Services,Universidad Autónoma Tomás Frías
65,Cecile,Soigne,Female,soigne.cecile@zipdrive-scooters.com,fa4e9b7c0374892ffb4bbc78a8f2f348,Support,University of Central Punjab
66,Lemmy,Valde,Male,valde.lemmy@zipdrive-scooters.com,58403a99a00da5cbce7f572d6beec7dd,Business Development,Williams Baptist College
67,Harald,Faulo,Male,faulo.harald@zipdrive-scooters.com,d1758fb0b9fdb70c6a6392b60234cea9,Sales,Vermont Law School
68,Dora,Skentelbury,Female,skentelbury.dora@zipdrive-scooters.com,7d01c1567862605b2f7fd0bb90e06f48,Training,University of Trnava
69,Max,Oxford,Male,oxford.max@zipdrive-scooters.com,ab513ad45f5700be300c1895721704ba,Marketing,Life Chiropractic College West
70,Neils,Swaby,Male,swaby.neils@zipdrive-scooters.com,ceb914eca35f386602ef49891c1d5e13,Human Resources,Jishou University
71,Mallory,Stede,Female,stede.mallory@zipdrive-scooters.com,08b1decfeee6426898cceab338c6430e,Support,Dravidian University
72,Abbi,Midgley,Female,midgley.abbi@zipdrive-scooters.com,294a4c517cca852c6476c5db24bbdcf8,Sales,Southeast University
73,Lavina,Maestro,Female,maestro.lavina@zipdrive-scooters.com,90fd5aa0300950fda6a59d0f158bab3d,Legal,Biju Pattnaik University of Technology
74,Perry,Phin,Male,phin.perry@zipdrive-scooters.com,a6624fee943b07e9097ec0723fda690b,Human Resources,Universidad de La Salle
75,Shaina,Maunders,Female,maunders.shaina@zipdrive-scooters.com,14f706a81e7938e36f0c5c3642ebae75,Sales,Loughborough University
76,Denny,Dows,Female,dows.denny@zipdrive-scooters.com,a6a67ce8e5e7b39c2e3057bae263b08d,Business Development,University of New England
77,Elsinore,Burlingame,Female,burlingame.elsinore@zipdrive-scooters.com,72fe7a0c8b382abdb7b89d3ee8df39c3,Research and Development,Nile Valley University
78,Melisent,Weavill,Female,weavill.melisent@zipdrive-scooters.com,7e0f238ae2a844dffda46df94d3b1f80,Research and Development,Semnan University
79,Philipa,Groll,Female,groll.philipa@zipdrive-scooters.com,520f8672dcd87a3661f795b1f5b39338,Accounting,Southwestern College Santa Fe
80,Tommie,Jolliss,Male,jolliss.tommie@zipdrive-scooters.com,957ef82a11a33a62bff9910b25e4a764,Marketing,National College of Art and Design
81,Terrel,Robbins,Male,robbins.terrel@zipdrive-scooters.com,7a81db8d68372279b0c19f43c42d1660,Training,The Juilliard School
82,Phillis,Mackerel,Female,mackerel.phillis@zipdrive-scooters.com,326ebfabb30c53b05c4bc9ee11a400f4,Sales,Kobe City University of ForeignStudies
83,Claudette,Stobbs,Female,stobbs.claudette@zipdrive-scooters.com,bb1bd513593273f81b349e2f9df9d78d,Human Resources,Nigerian Turkish Nile University
84,Lily,Clare,Female,clare.lily@zipdrive-scooters.com,6c51e2cf92b8b0bf86e913687a6eef89,Sales,Hafencity Universität Hamburg
85,Reinaldo,Tompkins,Male,tompkins.reinaldo@zipdrive-scooters.com,f827f69356951386054752823171b745,Business Development,Lappeenranta University of Technology
86,Trumann,Whelband,Male,whelband.trumann@zipdrive-scooters.com,6e63374c6e9c0262026bfdb7972ce129,Human Resources,Shahrekord University of Medical Sciences
87,Mia,O' Mulderrig,Female,o' mulderrig.mia@zipdrive-scooters.com,d6cfe806750ec75c80cf218f9a7afd53,Product Management,Piedmont College
88,Teressa,Blewett,Female,blewett.teressa@zipdrive-scooters.com,545059a2efe43cacd757adbc68587bfb,Sales,Universidad Católica Anselmo Llorente
89,Rosana,Hayter,Female,hayter.rosana@zipdrive-scooters.com,eebc867dc040d33f8f7bddc5f7804e9c,Business Development,Universidad Central de Las Villas
90,Maxim,Lax,Male,lax.maxim@zipdrive-scooters.com,d5319234b5d242c28ee253e12990d367,Sales,University of Greenwich
91,Caitlin,De Avenell,Female,de avenell.caitlin@zipdrive-scooters.com,2479463eafd2c1115998a18a4c20df0a,Support,Universidade Metodista de Angola
92,Emmaline,De Blasio,Female,de blasio.emmaline@zipdrive-scooters.com,3d3654f0a07c078e969a0d0d00b50be3,Support,Columbia College
93,Elaina,Cantwell,Female,cantwell.elaina@zipdrive-scooters.com,876ff3b681209cc551f57c53372a2355,Sales,"California State University, Monterey Bay"
94,Bird,Duddle,Female,duddle.bird@zipdrive-scooters.com,e9a5e630486c378ac36114939b62eee1,Product Management,"Newcastle University, Medicine Malaysia "
95,Abigael,Soppit,Female,soppit.abigael@zipdrive-scooters.com,dbdbc66a0354ed886216fc53db040702,Support,College of Dunaujvaros
96,Rudolfo,Wrates,Male,wrates.rudolfo@zipdrive-scooters.com,27e11fad2819225ea9c71eb0249083c8,Training,Mount Olive College
97,Caryn,Airy,Female,airy.caryn@zipdrive-scooters.com,ddd62ee0424eb25424227d8ec4eb3fa1,Marketing,Universidad del País Vasco
98,Karina,Blakelock,Female,blakelock.karina@zipdrive-scooters.com,c4827a6c222e3896c92953376859bb0a,Training,North Kazakhstan State University
99,Janey,Betty,Female,betty.janey@zipdrive-scooters.com,55e9a364953fa5376b4f2ca2cf6bfe6c,Marketing,Guangzhou Normal University
100,Bald,Vellender,Male,vellender.bald@zipdrive-scooters.com,a3923349f323b859baba78c7ca7d9282,Training,NHL University of Applied Sciences
101,Olia,Khrishtafovich,Female,khrishtafovich.olia@zipdrive-scooters.com,ae1d982fb327fb8cce471d0036ef9dfe,Product Management,Oman College Of Management & Technology
102,Powell,Osipenko,Male,osipenko.powell@zipdrive-scooters.com,76649ff12ad88b171d4b886ae391b36f,Business Development,Aligarh Muslim University
103,Lawry,Wherry,Male,wherry.lawry@zipdrive-scooters.com,b5a7a60e32de7372b9c3556c642e1ee3,Services,Sankei University
104,Kakalina,Cordsen,Female,cordsen.kakalina@zipdrive-scooters.com,1d8c35d2c1584fa2c8fbe1b08e559b38,Support,Gorno-Altaisk State University
105,Elli,Cumberland,Female,cumberland.elli@zipdrive-scooters.com,c1c2d60dfd633f2bc0394e667da8339e,Product Management,Sheffield Hallam University
106,Isabeau,Bugge,Female,bugge.isabeau@zipdrive-scooters.com,eec3c3c0b098b022f3b1f67e540b7889,Product Management,Academy of Fine Arts and Design in Bratislava
107,Mohandis,Bruhke,Male,bruhke.mohandis@zipdrive-scooters.com,375f6312522c9feb747e1f742f534e5e,Research and Development,Ohio University - Zanesville
108,Micheil,Antonich,Male,antonich.micheil@zipdrive-scooters.com,454b273d29f48c9f2b9482186b643d8e,Research and Development,Universitas Islam Nusantara
109,Milka,Argile,Female,argile.milka@zipdrive-scooters.com,b3f6bfea645198da826661ac8a2bcc5a,Services,University of Tampere
110,Jason,Claibourn,Male,claibourn.jason@zipdrive-scooters.com,505023e8abc333c1b9bfe5d02c1890b9,Accounting,University of Pittsburgh at Johnstown
111,Meryl,Batterson,Male,batterson.meryl@zipdrive-scooters.com,a6821f73c2cfd68f6d41958d6afbdfe8,Engineering,Simmons College
112,Orin,Vuittet,Male,vuittet.orin@zipdrive-scooters.com,f2f73ddede7a6cf6043a86c43272dbf8,Support,Heilongjiang Commercial University
113,Lissi,Blenkharn,Female,blenkharn.lissi@zipdrive-scooters.com,b086559605031c6a9b91d26b473e3574,Sales,Vidzeme University College
114,Sibel,Huckfield,Female,huckfield.sibel@zipdrive-scooters.com,dfde0a21614b2a4ced4b6bace41ed17c,Engineering,Seneca College
115,Arty,Gain,Male,gain.arty@zipdrive-scooters.com,b5f4cfc66a64d686e133f5cfd80eb398,Research and Development,University of Glamorgan
116,Eilis,Searby,Female,searby.eilis@zipdrive-scooters.com,e3516553508ce616ce091da80f0b40eb,Marketing,Illinois Institute of Technology
117,Sissy,Bemment,Female,bemment.sissy@zipdrive-scooters.com,cf8f4a2a4672f7b240b1d69b2730a565,Engineering,Cairo University
118,Justen,Bibb,Male,bibb.justen@zipdrive-scooters.com,9007346ac02e00d570369582d00780a4,Research and Development,University of North London
119,Ilyse,Grutchfield,Female,grutchfield.ilyse@zipdrive-scooters.com,74340c68b88dadea94aa74ce014e6b0d,Research and Development,Institut Sains & Teknologi Akprind
120,Curran,Conn,Male,conn.curran@zipdrive-scooters.com,5a8205538dc88c249f65fc7ae34785fd,Accounting,Universitas Gajayana Malang
121,Corenda,Mendoza,Female,mendoza.corenda@zipdrive-scooters.com,40f159fabe649497925db4393ee9a498,Business Development,La Salle Universities - International Programmes
122,Doralin,Zanetto,Female,zanetto.doralin@zipdrive-scooters.com,8023710548f8002a8a32d87807f2f928,Support,Christendom College
123,Vassili,Fairy,Male,fairy.vassili@zipdrive-scooters.com,ea8073d520ebf0acd28cebc23f2a8c43,Research and Development,Al Turath University College
124,Mata,Stoney,Male,stoney.mata@zipdrive-scooters.com,59880b1ae467cdb51972b577434132ca,Sales,University of Wales
125,Red,Goacher,Male,goacher.red@zipdrive-scooters.com,2cdc1c64849c40201d08c64178ced5b1,Services,Ulyanovsk State Agricultural Academy
126,Chancey,Threader,Male,threader.chancey@zipdrive-scooters.com,8a59da4d54a093b9d1fc6774407a296f,Product Management,Kogakkan University
127,Lorin,Nodes,Male,nodes.lorin@zipdrive-scooters.com,6b42fe79a7c2100dd0241b21642e23c0,Human Resources,Mount Union College
128,Dana,Coronado,Female,coronado.dana@zipdrive-scooters.com,22eb3644b0f4b2e05405ab2462df3748,Research and Development,University of San Diego
129,Glynda,Geddis,Female,geddis.glynda@zipdrive-scooters.com,86f0f427d5f0b22d7cd160e6bf7817c8,Accounting,Medizinische Universität Innsbruck
130,Ethelbert,Drinkwater,Male,drinkwater.ethelbert@zipdrive-scooters.com,a74f9d47bd41877d19ea75646b7af01a,Business Development,Shenyang Jianzhu University
131,Miner,McNirlan,Male,mcnirlan.miner@zipdrive-scooters.com,de89870c9e043bc9ca3f0f7912f988c2,Human Resources,National Theatre Conservatory
132,Dara,O'Shevlan,Female,o'shevlan.dara@zipdrive-scooters.com,894e290afd9ac954a9a7c621e6686b7a,Services,Escuela Politécnica de Chimborazo
133,Dov,Francioli,Male,francioli.dov@zipdrive-scooters.com,90397f6deb82f8a79d09ce0c30c66815,Engineering,Fachhochschule St. Gallen
134,Filberto,Mifflin,Male,mifflin.filberto@zipdrive-scooters.com,d193880454179529cbe9979381696498,Engineering,Dalarna University College
135,Giulietta,Hariot,Female,hariot.giulietta@zipdrive-scooters.com,b2b9cd50824ab4fb4bde13a1d4b9236e,Human Resources,Ural State Academy of Law
136,Adah,Innot,Female,innot.adah@zipdrive-scooters.com,dfe7f067516b855a7c47457e2d37e857,Sales,University of Jordan
137,Ade,Niessen,Male,niessen.ade@zipdrive-scooters.com,0de5a0cd69fc4c17a30a201837f79a1c,Human Resources,University of Lower Silesia of the Association for the Advancement of Education in Wroclaw.
138,Adria,Brick,Female,brick.adria@zipdrive-scooters.com,f03eb29d66e7dcb34400c7bc2ab7c8df,Business Development,Universidad Católica de Santo Domingo
139,Borg,Schlagtmans,Male,schlagtmans.borg@zipdrive-scooters.com,37baa376c5d377a1af24e0bfd4e5f4fa,Engineering,Technical University of Civil Engineering Bucharest
140,Ringo,Jesse,Male,jesse.ringo@zipdrive-scooters.com,47810a3af5846edef1e20dcb68eb5f70,Accounting,Oglala Lakota College
141,Daren,Antonnikov,Male,antonnikov.daren@zipdrive-scooters.com,adbbd94aeeebae55f17eb896082ce1e7,Human Resources,Anhui Technical College of Water Resources and Hydroelectric Power
142,Ariel,Driscoll,Female,driscoll.ariel@zipdrive-scooters.com,0fecf1fa0ff6924909abff6e5b8cc9bd,Accounting,Tsukuba University
143,Law,Gillfillan,Male,gillfillan.law@zipdrive-scooters.com,08af5a31d717a043ae6f7c22515aff7e,Business Development,Virginia College
144,Sonia,Dunne,Female,dunne.sonia@zipdrive-scooters.com,da8c43b446c6c666790cad5983d40c46,Human Resources,Parwan University
145,Barron,Widger,Male,widger.barron@zipdrive-scooters.com,dc9531daf017988a9db0a4fdba6c21f0,Research and Development,Godfrey Okoye University 
146,Harriott,Bebis,Female,bebis.harriott@zipdrive-scooters.com,554e7fd88610016dfc461d84f1c40e5a,Accounting,Université Quisqueya
147,Marylynne,Ohrtmann,Female,ohrtmann.marylynne@zipdrive-scooters.com,79cb67d368ebe260457019a73434c635,Business Development,Kobe University of Mercantile Marine
148,Lani,Beeswing,Female,beeswing.lani@zipdrive-scooters.com,af0ef55fa8f490a8f68e3c71eb8c606e,Product Management,University of Advancing Technology (UAT)
149,Cullin,Grigolashvill,Male,grigolashvill.cullin@zipdrive-scooters.com,831e1b6089a2cc2bd92219fd0a130a48,Marketing,Universiti Kebangsaan Malaysia
150,Emmit,Askaw,Male,askaw.emmit@zipdrive-scooters.com,cf1a5c4069875287c3f9921f8565146f,Engineering,Al-Batterjee Medical College
151,Tod,Pechacek,Male,pechacek.tod@zipdrive-scooters.com,2104de6040f33cfc3ed0e00ecaa64113,Research and Development,"Webster University, Thailand"
152,Susannah,Williamson,Female,williamson.susannah@zipdrive-scooters.com,e2a7fb19c3499ffd7499b3d8d608bf44,Legal,University of Warwick
153,Xavier,Loving,Male,loving.xavier@zipdrive-scooters.com,fac885ebb6ee283b014f0d0e5941dfd8,Research and Development,St. Xavier University
154,Ashli,Wornham,Female,wornham.ashli@zipdrive-scooters.com,8794f88a29a60baf36732921591f8628,Human Resources,Universidad de Oriente
155,Irma,Masic,Female,masic.irma@zipdrive-scooters.com,b383458426a3d64b3cadad88f90c1b0c,Research and Development,Narsee Monjee Institute of Management Studies
156,Nealson,Kubasek,Male,kubasek.nealson@zipdrive-scooters.com,5ed28484b3069e8176a66a36558dfb79,Human Resources, Technological University (Yangon)
157,Aubree,Carruth,Female,carruth.aubree@zipdrive-scooters.com,ecd1bbc8f131d6ff168a09e87cea5f69,Training,South Bank University
158,Reube,Battson,Male,battson.reube@zipdrive-scooters.com,017d4acac2019dd1255c2c5e85e4b358,Product Management,St. George's University
159,Allina,Bevans,Female,bevans.allina@zipdrive-scooters.com,504f311321960b4743b31f849c4bc2cc,Accounting,Tottori University
160,Bartie,Witham,Male,witham.bartie@zipdrive-scooters.com,41caa38ed6680cbeb16e109e5356d5e4,Product Management,Rakuno Gakuen University
161,Amelina,Doag,Female,doag.amelina@zipdrive-scooters.com,b2d52e4a17d4353f999ccc9bea51a838,Research and Development,Reformed Bible College
162,Richardo,Noni,Male,noni.richardo@zipdrive-scooters.com,1feb4a095143ec4bdc32d290cca9fa19,Finance,"Polytechnic University, Long Island Campus"
163,Delia,Biggen,Female,biggen.delia@zipdrive-scooters.com,21a76181d4d97ae7613e87db48cf7334,Support,"Institute of Teachers Education, Raja Melewar"
164,Adah,Hearns,Female,hearns.adah@zipdrive-scooters.com,596f00d022577e88515d0c070899ad35,Research and Development,Guizhou University
165,Isidore,Etienne,Male,etienne.isidore@zipdrive-scooters.com,0c518673217f6beaf24383ed7be3592a,Human Resources,Rajiv Gandhi University
166,Pepito,Biggar,Male,biggar.pepito@zipdrive-scooters.com,12494c178cbbf14fbdeaa2401459ec72,Research and Development,American University of Kuwait 
167,Sascha,Persehouse,Male,persehouse.sascha@zipdrive-scooters.com,f1ec54d9dc0418e5277114fe2a336d85,Business Development,Instituto Tecnológico de Costa Rica
168,Rudolfo,Lockart,Male,lockart.rudolfo@zipdrive-scooters.com,22bf913883320cc9ee3a895080dafafc,Marketing,Detroit College of Law
169,Cosette,Sturton,Female,sturton.cosette@zipdrive-scooters.com,d98d99508ea323e9085ed235f1a91210,Research and Development,Gauhati University
170,Larissa,Obispo,Female,obispo.larissa@zipdrive-scooters.com,51813610473a38c9025c318073670700,Product Management,Maasai Mara University
171,Giacopo,Dawdary,Male,dawdary.giacopo@zipdrive-scooters.com,4cbc6d0a728aa1b0642a9d3aa505d6a8,Sales,Ahmadu Bello University
172,Helenka,Roos,Female,roos.helenka@zipdrive-scooters.com,a2e114d04a9b79bde08b89b699ac626a,Engineering,Ecole Nationale Supérieur d'Ingénieurs de Constructions Aéronautique
173,Demetris,Grundy,Male,grundy.demetris@zipdrive-scooters.com,bec704514fa13e3eea90a0f0c2cc2772,Research and Development,University of Newcastle
174,Alexine,Schuh,Female,schuh.alexine@zipdrive-scooters.com,ab64c8469a2d144a3f97674ae79ea992,Marketing,Old Dominion University
175,Marya,Deveril,Female,deveril.marya@zipdrive-scooters.com,c1b626587cf5579c09f60d51b6b17625,Engineering,Bhavnagar University
176,Irene,Adler,Female,irene@zipdrive-scooters.com,d98d99508ea323e9085ed235f1a91210,Finance,Illinois Institute of Technology
